menu_key,menu_name,menu_norm,ingredient,spicy,has_soup,is_raw,main_ingredients,course,confidence,source,months,regions,restaurant_count
간장꽃게장정식|꽃게,간장꽃게장정식,간장꽃게장정식,꽃게,1,N,Y,해산물,식사,0.85,rule,9;10,전남 목포시,1
갈치 조림|갈치,갈치 조림,갈치 조림,갈치,2,N,N,해산물,식사,0.7,rule,7;8;9,전남 목포시;전남 여수시,2
갈치구이|갈치,갈치구이,갈치구이,갈치,0,N,N,해산물,식사,0.85,rule,7;8;9,전남 목포시;전남 여수시;전남 화순군,8
갈치정식|갈치,갈치정식,갈치정식,갈치,1,N,N,해산물,식사,0.85,rule,7;8;9,전남 화순군;전남 해남군,2
갈치조림|갈치,갈치조림,갈치조림,갈치,2,N,N,해산물,식사,0.85,rule,7;8;9,전남 광양시;전남 구례군;전남 신안군;전남 여수시;전남 진도군;전남 해남군;전남 화순군;광주 서구;전남 장성군,42
갈치조림+돌게장정식|갈치,갈치조림+돌게장정식,갈치조림+돌게장정식,갈치,2,N,N,해산물,식사,0.85,rule,7;8;9,전남 여수시,2
갈치찜|갈치,갈치찜,갈치찜,갈치,2,N,N,해산물,식사,0.85,rule,7;8;9,전남 목포시,3
갈치찜 / 갈치구이|갈치,갈치찜 / 갈치구이,갈치찜 / 갈치구이,갈치,2,N,N,해산물,식사,0.85,rule,7;8;9,전남 목포시,1
갈치회|갈치,갈치회,갈치회,갈치,0,N,Y,해산물,식사,0.85,rule,7;8;9,전남 여수시,2
갈치회무침|갈치,갈치회무침 정식 등,갈치회무침,갈치,2,N,Y,해산물,식사,0.85,rule,7;8;9,전남 여수시,1
갑오징어숙회|갑오징어,갑오징어숙회,갑오징어숙회,갑오징어,0,N,N,해산물,식사,0.85,rule,4;5;6,전남 여수시,1
갓고등어조림|고등어,갓고등어조림,갓고등어조림,고등어,2,N,N,해산물,식사,0.85,rule,9;10;11,전남 여수시,1
갯마을 키조개 샤브샤브 정식|키조개,갯마을 키조개 샤브샤브 정식,갯마을 키조개 샤브샤브 정식,키조개,0,Y,N,해산물,식사,0.85,rule,4;5,전남 장흥군,1
고등어 쌈밥|고등어,고등어 쌈밥,고등어 쌈밥,고등어,1,N,N,해산물,식사,0.85,rule,9;10;11,전남 순천시;광주 동구,2
고등어구이|고등어,고등어구이 등,고등어구이,고등어,0,N,N,해산물,식사,0.85,rule,9;10;11,광주 광산구;전남 여수시;전남 순천시,3
고등어묵은지조림|고등어,고등어묵은지조림,고등어묵은지조림,고등어,2,N,N,해산물,식사,0.85,rule,9;10;11,전남 담양군,1
고등어조림|고등어,고등어조림,고등어조림,고등어,2,N,N,해산물,식사,0.85,rule,9;10;11,광주 북구,1
고추잡채|고추,고추잡채 등,고추잡채,고추,2,N,N,채소,식사,0.85,manual,8,광주 동구,1
고추장 닭구이|고추,고추장 닭구이,고추장 닭구이,고추,2,N,N,육류,식사,0.85,rule,8,전남 광양시,1
골뱅이 죽순 초무침|죽순,골뱅이 죽순 초무침 등,골뱅이 죽순 초무침,죽순,2,Y,N,해산물;채소,식사,0.85,rule,5,전남 담양군,1
곰보배추 돼지고기수육|배추,곰보배추 돼지고기수육 등,곰보배추 돼지고기수육,배추,0,N,N,채소;육류,식사,0.85,rule,11,전남 담양군,1
곰보배추 우렁쌈밥|배추,곰보배추 우렁쌈밥,곰보배추 우렁쌈밥,배추,1,N,N,해산물,식사,0.85,rule,11,전남 담양군,1
곰보배추 죽순우렁이회|배추,곰보배추 죽순우렁이회,곰보배추 죽순우렁이회,배추,0,Y,N,해산물;채소,식사,0.85,rule,11,전남 담양군,1
곰보배추 죽순우렁이회|죽순,곰보배추 죽순우렁이회,곰보배추 죽순우렁이회,죽순,0,Y,N,해산물;채소,식사,0.85,rule,5,전남 담양군,1
굴구이|굴,굴구이,굴구이,굴,0,N,N,해산물,식사,0.85,rule,1;2;11;12,전남 여수시,2
굴떡국|굴,굴떡국,굴떡국,굴,0,Y,N,해산물,식사,0.85,rule,1;2;11;12,전남 여수시,1
굴라면|굴,굴라면,굴라면,굴,2,Y,N,해산물,식사,0.85,rule,1;2;11;12,전남 여수시,1
굴비 꼬막 한정식|꼬막,굴비 꼬막 한정식,굴비 꼬막 한정식,꼬막,1,N,N,해산물,식사,0.85,rule,2;11;12,전남 순천시,1
굴전|굴,굴전,굴전,굴,0,N,N,해산물,식사,0.7,rule,1;2;11;12,광주 서구;전남 여수시,2
굴죽|굴,굴죽,굴죽,굴,0,Y,N,해산물,식사,0.7,rule,1;2;11;12,전남 여수시,2
굴찜|굴,굴찜,굴찜,굴,1,N,N,해산물,식사,0.7,rule,1;2;11;12,전남 여수시,1
기절낙지|낙지,기절낙지,기절낙지,낙지,0,N,Y,해산물,식사,0.85,manual,1;9;10;11,전남 무안군,1
김전복해물뚝배기|전복,김전복해물뚝배기,김전복해물뚝배기,전복,0,Y,N,해산물,식사,0.85,rule,6;7;8,전남 완도군,1
꼬막구이|꼬막,꼬막구이 등,꼬막구이,꼬막,0,N,N,해산물,식사,0.85,rule,2;11;12,전남 보성군,1
꼬막무침|꼬막,꼬막무침,꼬막무침,꼬막,2,N,N,해산물,식사,0.85,rule,2;11;12,전남 보성군;광주 광산구,3
꼬막백반|꼬막,꼬막백반,꼬막백반,꼬막,1,N,N,해산물,식사,0.85,rule,2;11;12,전남 순천시,1
꼬막장|꼬막,꼬막장,꼬막장,꼬막,1,N,N,해산물,식사,0.85,rule,2;11;12,전남 여수시,1
꼬막전|꼬막,꼬막전,꼬막전,꼬막,0,N,N,해산물,식사,0.85,rule,2;11;12,전남 목포시,1
꼬막정식|꼬막,꼬막정식,꼬막정식,꼬막,1,N,N,해산물,식사,0.85,rule,2;11;12,전남 보성군;전남 순천시,8
꼬막탕수육|꼬막,꼬막탕수육,꼬막탕수육,꼬막,0,N,N,해산물,식사,0.85,rule,2;11;12,전남 보성군,2
꼬막회무침|꼬막,꼬막회무침,꼬막회무침,꼬막,2,N,Y,해산물,식사,0.85,rule,2;11;12,전남 보성군;전남 순천시;전남 여수시,3
꽃게|꽃게,꽃게,꽃게,꽃게,0,N,N,해산물,식사,0.85,manual,9;10,전남 여수시,1
꽃게무침|꽃게,꽃게무침,꽃게무침,꽃게,2,N,N,해산물,식사,0.85,rule,9;10,전남 목포시;전남 무안군;전남 신안군;전남 진도군,5
꽃게살|꽃게,꽃게살,꽃게살,꽃게,0,N,N,해산물,식사,0.85,manual,9;10,전남 목포시;전남 무안군,2
꽃게살 해초 비빔밥|꽃게,꽃게살 해초 비빔밥,꽃게살 해초 비빔밥,꽃게,2,N,N,해산물,식사,0.85,rule,9;10,전남 목포시,1
꽃게살비빔밥|꽃게,꽃게살비빔밥 등,꽃게살비빔밥,꽃게,2,N,N,해산물,식사,0.85,rule,9;10,전남 담양군;전남 진도군,2
꽃게장 알탕|꽃게,꽃게장 알탕,꽃게장 알탕,꽃게,2,Y,N,해산물,식사,0.85,rule,9;10,광주 광산구,1
꽃게장 정식|꽃게,꽃게장 정식,꽃게장 정식,꽃게,1,N,Y,해산물,식사,0.85,rule,9;10,전남 순천시;전남 여수시;광주 서구,4
꽃게장한정식|꽃게,꽃게장한정식,꽃게장한정식,꽃게,1,N,Y,해산물,식사,0.85,rule,9;10,전남 광양시,1
꽃게정식|꽃게,꽃게정식,꽃게정식,꽃게,1,N,N,해산물,식사,0.85,rule,9;10,전남 여수시,1
꽃게찜|꽃게,꽃게찜,꽃게찜,꽃게,1,N,N,해산물,식사,0.85,rule,9;10,전남 여수시,1
꽃게탕+돌게장정식|꽃게,꽃게탕+돌게장정식,꽃게탕+돌게장정식,꽃게,2,Y,N,해산물,식사,0.85,rule,9;10,전남 여수시,2
낙지|낙지,낙지,낙지,낙지,0,N,Y,해산물,식사,0.85,manual,1;9;10;11,전남 여수시,1
낙지 초무침|낙지,낙지 초무침,낙지 초무침,낙지,2,N,N,해산물,식사,0.85,rule,1;9;10;11,전남 무안군;전남 신안군,2
낙지 코다리조림|낙지,낙지 코다리조림 등,낙지 코다리조림,낙지,2,N,N,해산물,식사,0.85,rule,1;9;10;11,전남 여수시,1
낙지 탕탕이|낙지,낙지 탕탕이,낙지 탕탕이,낙지,0,N,Y,해산물,식사,0.85,rule,1;9;10;11,전남 완도군;전남 진도군,3
낙지 호롱구이|낙지,낙지 호롱구이,낙지 호롱구이,낙지,1,N,N,해산물,식사,0.85,rule,1;9;10;11,전남 무안군;전남 영암군;전남 목포시,3
낙지 호롱이|낙지,낙지 호롱이,낙지 호롱이,낙지,1,N,Y,해산물,식사,0.85,manual,1;9;10;11,전남 여수시,1
낙지구이|낙지,낙지구이,낙지구이,낙지,0,N,N,해산물,식사,0.85,rule,1;9;10;11,전남 순천시,1
낙지덮밥|낙지,낙지덮밥,낙지덮밥,낙지,2,N,Y,해산물,식사,0.85,rule,1;9;10;11,전남 신안군,1
낙지돌솥비빔밥|낙지,낙지돌솥비빔밥 등,낙지돌솥비빔밥,낙지,2,N,Y,해산물,식사,0.85,rule,1;9;10;11,전남 함평군,1
낙지백합탕|낙지,낙지백합탕 등,낙지백합탕,낙지,0,Y,N,해산물,식사,0.85,rule,1;9;10;11,전남 신안군,1
낙지볶음|낙지,낙지볶음 등,낙지볶음,낙지,3,N,N,해산물,식사,0.85,rule,1;9;10;11,광주 광산구;광주 동구;전남 목포시;전남 무안군;전남 신안군;전남 여수시;전남 영암군;전남 진도군;전남 광양시,18
낙지불고기 전골|낙지,낙지불고기 전골 등,낙지불고기 전골,낙지,2,Y,N,해산물;육류,식사,0.85,rule,1;9;10;11,전남 진도군,1
낙지비빔밥|낙지,낙지비빔밥,낙지비빔밥,낙지,2,N,N,해산물,식사,0.85,rule,1;9;10;11,전남 강진군;전남 목포시;전남 무안군;전남 신안군;전남 여수시;전남 영광군;전남 영암군;전남 함평군,12
낙지수제비|낙지,낙지수제비,낙지수제비,낙지,0,Y,N,해산물,식사,0.85,rule,1;9;10;11,전남 여수시,1
낙지연포탕|낙지,낙지연포탕,낙지연포탕,낙지,0,Y,N,해산물,식사,0.85,rule,1;9;10;11,전남 목포시;전남 영광군;전남 영암군;전남 장흥군;전남 함평군,5
낙지육회탕탕이|낙지,낙지육회탕탕이 외,낙지육회탕탕이,낙지,0,N,Y,해산물;육류,식사,0.85,rule,1;9;10;11,전남 함평군,1
낙지전|낙지,낙지전,낙지전,낙지,0,N,N,해산물,식사,0.85,rule,1;9;10;11,광주 동구,1
낙지전골|낙지,낙지전골,낙지전골,낙지,2,Y,N,해산물,식사,0.85,rule,1;9;10;11,전남 구례군;전남 순천시;전남 해남군,3
낙지짬뽕|낙지,낙지짬뽕,낙지짬뽕,낙지,3,Y,N,해산물,식사,0.85,rule,1;9;10;11,전남 무안군,1
낙지초무침|낙지,낙지초무침,낙지초무침,낙지,2,N,N,해산물,식사,0.85,rule,1;9;10;11,전남 무안군;전남 영암군,7
낙지칼국수|낙지,낙지칼국수,낙지칼국수,낙지,0,Y,N,해산물,식사,0.85,rule,1;9;10;11,전남 광양시,1
낙지코스|낙지,낙지코스,낙지코스,낙지,1,Y,Y,해산물,식사,0.85,manual,1;9;10;11,전남 무안군,1
낙지탕탕이|낙지,낙지탕탕이 등,낙지탕탕이,낙지,0,N,Y,해산물,식사,0.85,rule,1;9;10;11,광주 서구;전남 목포시;전남 신안군;전남 여수시;전남 영암군,11
낙지회무침|낙지,낙지회무침,낙지회무침,낙지,2,N,Y,해산물,식사,0.85,rule,1;9;10;11,전남 목포시,1
녹차꼬막비빔밥|꼬막,녹차꼬막비빔밥 등,녹차꼬막비빔밥,꼬막,2,N,N,해산물,식사,0.85,rule,2;11;12,전남 보성군,1
농어회|농어,농어회 등,농어회,농어,0,N,Y,해산물,식사,0.85,rule,5;7,전남 여수시,1
능이버섯만두|버섯만두,능이버섯만두,능이버섯만두,버섯만두,0,N,N,채소,식사,0.85,manual,10,전남 곡성군,1
다슬기메밀수제비|메밀,다슬기메밀수제비,다슬기메밀수제비,메밀,0,Y,N,해산물,식사,0.85,rule,8;11,전남 화순군,1
다슬기메밀수제비|메밀수제비,다슬기메밀수제비,다슬기메밀수제비,메밀수제비,0,Y,N,해산물,식사,0.85,rule,11,전남 화순군,1
다슬기장무침|기장,다슬기장무침,다슬기장무침,기장,2,N,N,해산물,식사,0.85,rule,4;5;9,전남 구례군,1
닭떡갈비|닭떡갈비,닭떡갈비,닭떡갈비,닭떡갈비,1,N,N,육류,식사,0.85,manual,6,전남 순천시,1
담양 죽순회|죽순,담양 죽순회 등,담양 죽순회,죽순,0,Y,N,채소,식사,0.85,rule,5,전남 담양군,1
"대통밥, 떡갈비, 죽순회|죽순","대통밥, 떡갈비, 죽순회","대통밥, 떡갈비, 죽순회",죽순,1,Y,N,육류;채소,식사,0.85,rule,5,전남 담양군,1
도다리|도다리,도다리,도다리,도다리,0,Y,N,해산물,식사,0.85,manual,3;4,전남 여수시,4
도다리쑥국|도다리,도다리쑥국,도다리쑥국,도다리,0,Y,N,해산물,식사,0.85,rule,3;4,전남 광양시;전남 여수시,2
도다리쑥국|쑥,도다리쑥국,도다리쑥국,쑥,0,Y,N,해산물,식사,0.85,rule,4,전남 광양시;전남 여수시,2
도원경 꼬막정식|꼬막,도원경 꼬막정식,도원경 꼬막정식,꼬막,1,N,N,해산물,식사,0.85,rule,2;11;12,전남 순천시,1
도원경 탕꼬막정식|꼬막,도원경 탕꼬막정식,도원경 탕꼬막정식,꼬막,0,Y,N,해산물,식사,0.85,rule,2;11;12,전남 순천시,1
도토리 냉묵밥|도토리,도토리 냉묵밥,도토리 냉묵밥,도토리,0,N,N,채소,식사,0.85,rule,12,전남 순천시,1
도토리 들깨수제비|도토리,도토리 들깨수제비,도토리 들깨수제비,도토리,0,Y,N,채소,식사,0.85,rule,12,전남 화순군,1
도토리 들깨수제비|들깨,도토리 들깨수제비,도토리 들깨수제비,들깨,0,Y,N,채소,식사,0.85,rule,1;8,전남 화순군,1
도토리 들깨수제비|들깨수제비,도토리 들깨수제비,도토리 들깨수제비,들깨수제비,0,Y,N,채소,식사,0.85,rule,8,전남 화순군,1
도토리 임자탕|도토리,도토리 임자탕,도토리 임자탕,도토리,0,Y,N,채소,식사,0.85,rule,12,전남 순천시,1
도토리묵잡채|도토리,도토리묵잡채,도토리묵잡채,도토리,1,N,N,채소,식사,0.85,manual,12,광주 동구,1
도토리수제비|도토리,도토리수제비,도토리수제비,도토리,0,Y,N,채소,식사,0.85,rule,12,광주 북구,1
도토리해물파전|도토리,도토리해물파전,도토리해물파전,도토리,0,N,N,해산물,식사,0.85,rule,12,전남 화순군,1
돼지고기 쌈밥|돼지고기,돼지고기 쌈밥,돼지고기 쌈밥,돼지고기,1,N,N,육류,식사,0.85,rule,4;11,전남 순천시,1
돼지고기육전|돼지고기,돼지고기육전 등,돼지고기육전,돼지고기,0,N,N,육류,식사,0.85,rule,4;11,전남 담양군,1
두부김치|두부,두부김치,두부김치,두부,1,N,N,채소,식사,0.85,manual,5,전남 구례군;전남 목포시;전남 여수시,3
두부김치전골|두부,두부김치전골,두부김치전골,두부,2,Y,N,채소,식사,0.85,rule,5,전남 목포시,1
두부버섯전골|두부,두부버섯전골,두부버섯전골,두부,1,Y,N,채소,식사,0.85,rule,5,전남 담양군,1
두부보쌈|두부,두부보쌈,두부보쌈,두부,1,N,N,육류;채소,식사,0.85,rule,5,전남 나주시;전남 목포시,3
두부전골|두부,두부전골 등,두부전골,두부,1,Y,N,채소,식사,0.85,rule,5,전남 나주시;전남 화순군,3
들깨 흑염소탕|들깨,들깨 흑염소탕,들깨 흑염소탕,들깨,0,Y,N,육류,식사,0.85,rule,1;8,광주 서구,1
마른우럭지리탕|우럭,마른우럭지리탕,마른우럭지리탕,우럭,0,N,N,해산물,식사,0.85,manual,5,전남 목포시,1
먹갈치 조림|갈치,먹갈치 조림,먹갈치 조림,갈치,2,N,N,해산물,식사,0.85,rule,7;8;9,전남 목포시,1
멍게덮밥|멍게,멍게덮밥 등,멍게덮밥,멍게,2,N,Y,해산물,식사,0.85,rule,3;4,전남 여수시,1
멍게비빔밥|멍게,멍게비빔밥,멍게비빔밥,멍게,2,N,Y,해산물,식사,0.85,rule,3;4,전남 강진군;전남 여수시;전남 영암군,4
모둠꽃게장|꽃게,모둠꽃게장,모둠꽃게장,꽃게,1,N,Y,해산물,식사,0.85,rule,9;10,전남 여수시,1
모둠꽃게장정식|꽃게,모둠꽃게장정식,모둠꽃게장정식,꽃게,1,N,Y,해산물,식사,0.85,rule,9;10,전남 여수시,1
모둠꽃게장정식+돌게장정식|꽃게,모둠꽃게장정식+돌게장정식,모둠꽃게장정식+돌게장정식,꽃게,1,N,Y,해산물,식사,0.85,rule,9;10,전남 여수시,1
모듬꽃게장+10미뷔페|꽃게,모듬꽃게장+10미뷔페,모듬꽃게장+10미뷔페,꽃게,1,N,Y,해산물,식사,0.85,rule,9;10,전남 여수시,1
모듬꽃게장+양념꽃게장정식|꽃게,모듬꽃게장+양념꽃게장정식,모듬꽃게장+양념꽃게장정식,꽃게,3,N,Y,해산물,식사,0.85,rule,9;10,전남 여수시,1
모듬꽃게장정식|꽃게,모듬꽃게장정식,모듬꽃게장정식,꽃게,1,N,Y,해산물,식사,0.85,rule,9;10,전남 여수시,1
모듬순두부|두부,모듬순두부,모듬순두부,두부,1,Y,N,채소,식사,0.85,manual,5,전남 완도군,1
목살 김치 순두부|두부,목살 김치 순두부 등,목살 김치 순두부,두부,2,Y,N,육류;채소,식사,0.85,manual,5,전남 여수시,1
목포 먹갈치 구이 백반|갈치,목포 먹갈치 구이 백반,목포 먹갈치 구이 백반,갈치,0,N,N,해산물,식사,0.85,rule,7;8;9,전남 목포시,1
무등산 보리밥 정식|보리,무등산 보리밥 정식,무등산 보리밥 정식,보리,1,N,N,채소,식사,0.85,rule,3;6,광주 동구,1
묵은갓김치 고등어조림|고등어,묵은갓김치 고등어조림 등,묵은갓김치 고등어조림,고등어,2,N,N,해산물,식사,0.85,rule,9;10;11,전남 여수시,1
묵은지고등어|고등어,묵은지고등어,묵은지고등어,고등어,2,N,N,해산물;채소,식사,0.85,manual,9;10;11,전남 진도군,1
묵은지고등어조림|고등어,묵은지고등어조림 등,묵은지고등어조림,고등어,2,N,N,해산물,식사,0.85,rule,9;10;11,전남 무안군,1
민어|민어,민어,민어,민어,0,Y,N,해산물,식사,0.85,manual,6;7;8,전남 신안군,1
민어 초무침|민어,민어 초무침,민어 초무침,민어,2,N,N,해산물,식사,0.85,rule,6;7;8,전남 목포시,1
민어전|민어,민어전,민어전,민어,0,N,N,해산물,식사,0.85,rule,6;7;8,전남 목포시,2
민어탕|민어,민어탕,민어탕,민어,0,Y,N,해산물,식사,0.85,rule,6;7;8,광주 동구,1
민어회|민어,민어회,민어회,민어,0,N,Y,해산물,식사,0.85,rule,6;7;8,전남 목포시;전남 여수시,4
바지락 백반|바지락,바지락 백반 등,바지락 백반,바지락,1,N,N,해산물,식사,0.85,rule,2;3,전남 목포시,1
병어 조림|병어,병어 조림,병어 조림,병어,2,N,N,해산물,식사,0.7,rule,5;6;8,전남 신안군,1
병어사시미|병어,병어사시미,병어사시미,병어,0,N,Y,해산물,식사,0.85,rule,5;6;8,전남 목포시,1
병어조림|병어,병어조림,병어조림,병어,2,N,N,해산물,식사,0.85,rule,5;6;8,광주 광산구;전남 고흥군;전남 신안군;전남 완도군;전남 진도군,6
병어조림정식|병어,병어조림정식,병어조림정식,병어,2,N,N,해산물,식사,0.85,rule,5;6;8,전남 화순군,1
병어찜|병어,병어찜,병어찜,병어,2,N,N,해산물,식사,0.85,rule,5;6;8,전남 강진군;전남 목포시,3
보리밥 정식|보리,보리밥 정식,보리밥 정식,보리,1,N,N,채소,식사,0.85,rule,3;6,전남 담양군,1
보리애국|보리,보리애국,보리애국,보리,1,Y,N,채소,식사,0.85,rule,3;6,전남 나주시,1
붕장어 사시미|붕장어,붕장어 사시미 등,붕장어 사시미,붕장어,0,N,Y,해산물,식사,0.85,rule,5;6;7;8,전남 여수시,1
붕장어샤브샤브|붕장어,붕장어샤브샤브,붕장어샤브샤브,붕장어,0,Y,N,해산물,식사,0.85,rule,5;6;7;8,전남 여수시,1
붕장어유비끼|붕장어,붕장어유비끼,붕장어유비끼,붕장어,0,N,N,해산물,식사,0.85,rule,5;6;7;8,전남 여수시,1
산낙지|낙지,산낙지,산낙지,낙지,0,N,Y,해산물,식사,0.85,manual,1;9;10;11,전남 목포시;전남 여수시;전남 영암군;전남 장흥군,6
산낙지 해물 갈비탕|낙지,산낙지 해물 갈비탕,산낙지 해물 갈비탕,낙지,1,Y,Y,해산물;육류,식사,0.85,rule,1;9;10;11,전남 순천시,1
산낙지구이|낙지,산낙지구이,산낙지구이,낙지,0,N,Y,해산물,식사,0.85,rule,1;9;10;11,전남 영암군,1
산낙지다짐|낙지,산낙지다짐 등,산낙지다짐,낙지,0,N,Y,해산물,식사,0.85,manual,1;9;10;11,전남 영암군,1
산낙지전|낙지,산낙지전,산낙지전,낙지,0,N,Y,해산물,식사,0.85,rule,1;9;10;11,광주 서구,1
산낙지전골|낙지,산낙지전골,산낙지전골,낙지,2,Y,Y,해산물,식사,0.85,rule,1;9;10;11,전남 여수시,1
산낙지탕탕이|낙지,산낙지탕탕이,산낙지탕탕이,낙지,0,N,Y,해산물,식사,0.85,rule,1;9;10;11,전남 여수시,1
산낙지탕탕이 비빔밥|낙지,산낙지탕탕이 비빔밥,산낙지탕탕이 비빔밥,낙지,2,N,Y,해산물,식사,0.85,rule,1;9;10;11,전남 여수시,1
산채낙지비빔밥|낙지,산채낙지비빔밥 등,산채낙지비빔밥,낙지,2,N,N,해산물,식사,0.85,rule,1;9;10;11,전남 해남군,1
산채보리밥정식|보리,산채보리밥정식 등,산채보리밥정식,보리,1,N,N,채소,식사,0.85,rule,3;6,전남 광양시,1
삶은 꼬막|꼬막,삶은 꼬막,삶은 꼬막,꼬막,0,N,N,해산물,식사,0.85,manual,2;11;12,전남 보성군,1
삼치고추장조림|삼치,삼치고추장조림 등,삼치고추장조림,삼치,2,N,N,해산물,식사,0.85,rule,3;5;10;11,전남 고흥군,1
삼치조림|삼치,삼치조림 등,삼치조림,삼치,2,N,N,해산물,식사,0.85,rule,3;5;10;11,전남 여수시,1
삼치코스|삼치,삼치코스,삼치코스,삼치,0,N,Y,해산물,식사,0.85,manual,3;5;10;11,전남 해남군,1
삼치회|삼치,삼치회 등,삼치회,삼치,0,N,Y,해산물,식사,0.85,rule,3;5;10;11,전남 고흥군;전남 여수시,2
상추 튀김|상추,상추 튀김,상추 튀김,상추,1,N,N,해산물;채소,식사,0.85,manual,5,광주 동구,1
새꼬막구이|꼬막,새꼬막구이,새꼬막구이,꼬막,0,N,N,해산물,식사,0.85,rule,2;11;12,전남 보성군,1
새꼬막정식|꼬막,새꼬막정식,새꼬막정식,꼬막,1,N,N,해산물,식사,0.85,rule,2;11;12,전남 보성군,1
색동두부전골|두부,색동두부전골,색동두부전골,두부,1,Y,N,육류;채소,식사,0.85,rule,5,전남 화순군,1
색동두부정식|두부,색동두부정식,색동두부정식,두부,1,N,N,채소,식사,0.85,rule,5,전남 화순군,1
생굴|굴,생굴,생굴,굴,0,N,Y,해산물,식사,0.85,manual,1;2;11;12,전남 여수시,1
선비촌꼬막정식|꼬막,선비촌꼬막정식,선비촌꼬막정식,꼬막,1,N,N,해산물,식사,0.85,rule,2;11;12,전남 순천시,1
세발낙지|낙지,세발낙지,세발낙지,낙지,0,N,Y,해산물,식사,0.85,manual,1;9;10;11,전남 목포시;전남 영암군,2
순천 꼬막 미나리 파전|꼬막,순천 꼬막 미나리 파전 등,순천 꼬막 미나리 파전,꼬막,0,N,N,해산물,식사,0.85,rule,2;11;12,전남 순천시,1
순천 꼬막 미나리 파전|미나리,순천 꼬막 미나리 파전 등,순천 꼬막 미나리 파전,미나리,0,N,N,해산물,식사,0.85,rule,1;4,전남 순천시,1
순천만 꼬막정식|꼬막,순천만 꼬막정식,순천만 꼬막정식,꼬막,1,N,N,해산물,식사,0.85,rule,2;11;12,전남 순천시,1
아귀대창찜|아귀,아귀대창찜 등,아귀대창찜,아귀,2,N,N,해산물;육류,식사,0.85,manual,1;2,전남 여수시,1
아귀수육|아귀,아귀수육 등,아귀수육,아귀,0,N,N,해산물,식사,0.85,rule,1;2,전남 여수시,1
아귀찜|아귀,아귀찜,아귀찜,아귀,3,N,N,해산물,식사,0.85,rule,1;2,광주 광산구;광주 서구;전남 목포시;전남 여수시;전남 완도군,9
아귀탕|아귀,아귀탕,아귀탕,아귀,0,Y,N,해산물,식사,0.85,rule,1;2,전남 목포시;전남 여수시;전남 완도군,7
알배기 모둠 꽃게장|꽃게,알배기 모둠 꽃게장,알배기 모둠 꽃게장,꽃게,1,N,Y,해산물,식사,0.85,rule,9;10,전남 여수시,1
알배기꽃게탕|꽃게,알배기꽃게탕 등,알배기꽃게탕,꽃게,2,Y,N,해산물,식사,0.85,rule,9;10,전남 영광군,1
암꽃게 탕꼬막정식|꼬막,암꽃게 탕꼬막정식,암꽃게 탕꼬막정식,꼬막,0,Y,N,해산물,식사,0.85,rule,2;11;12,전남 순천시,1
암꽃게 탕꼬막정식|꽃게,암꽃게 탕꼬막정식,암꽃게 탕꼬막정식,꽃게,0,Y,N,해산물,식사,0.85,rule,9;10,전남 순천시,1
암꽃게장정식|꽃게,암꽃게장정식,암꽃게장정식,꽃게,1,N,Y,해산물,식사,0.85,rule,9;10,전남 여수시,1
애호박시골국밥|애호박,애호박시골국밥,애호박시골국밥,애호박,1,Y,N,채소,식사,0.85,rule,7,광주 광산구,1
애호박찌개|애호박,애호박찌개,애호박찌개,애호박,2,Y,N,채소,식사,0.85,rule,7,전남 영광군;전남 화순군,4
양념꼬막|꼬막,양념꼬막 등,양념꼬막,꼬막,2,N,N,해산물,식사,0.85,manual,2;11;12,전남 순천시,1
양념꽃게장|꽃게,양념꽃게장,양념꽃게장,꽃게,3,N,Y,해산물,식사,0.85,rule,9;10,광주 광산구,3
연평도 양념 꽃게장|꽃게,연평도 양념 꽃게장,연평도 양념 꽃게장,꽃게,3,N,Y,해산물,식사,0.85,rule,9;10,광주 광산구,1
오리떡갈비|오리떡갈비,오리떡갈비,오리떡갈비,오리떡갈비,1,N,N,육류,식사,0.85,manual,5,전남 담양군,1
오리주물럭|오리주물럭,오리주물럭 등,오리주물럭,오리주물럭,2,N,N,육류,식사,0.85,manual,4,전남 강진군;전남 신안군;전남 장흥군;전남 해남군,4
왕꽃게장 정식|꽃게,왕꽃게장 정식,왕꽃게장 정식,꽃게,1,N,Y,해산물,식사,0.85,rule,9;10,전남 여수시,1
왕꽃게정식|꽃게,왕꽃게정식,왕꽃게정식,꽃게,1,N,N,해산물,식사,0.85,rule,9;10,전남 여수시,1
용봉탕|자라,용봉탕,용봉탕,자라,0,Y,N,육류,식사,0.85,manual,9;10,광주 광산구,1
우럭간국|우럭,우럭간국,우럭간국,우럭,0,Y,N,해산물,식사,0.85,rule,5,전남 신안군,1
우럭매운탕|우럭,우럭매운탕 등,우럭매운탕,우럭,3,Y,N,해산물,식사,0.85,rule,5,전남 광양시;전남 보성군;전남 장흥군,3
우럭찜|우럭,우럭찜 등,우럭찜,우럭,2,N,N,해산물,식사,0.85,rule,5,전남 신안군,1
우럭탕|우럭,우럭탕 등,우럭탕,우럭,0,Y,N,해산물,식사,0.85,rule,5,전남 강진군,1
우럭회|우럭,우럭회,우럭회,우럭,0,N,Y,해산물,식사,0.85,rule,5,전남 광양시,1
"우렁이 쌈밥 정식, 전복들깨탕|전복","우렁이 쌈밥 정식, 전복들깨탕","우렁이 쌈밥 정식, 전복들깨탕",전복,1,Y,N,해산물,식사,0.85,rule,6;7;8,광주 동구,1
우렁죽순회|죽순,우렁죽순회,우렁죽순회,죽순,0,Y,N,해산물;채소,식사,0.85,rule,5,전남 담양군,1
우리밀 비빔닭국수|우리밀,우리밀 비빔닭국수,우리밀 비빔닭국수,우리밀,2,Y,N,육류,식사,0.85,rule,7,전남 담양군,1
우리밀 열무비빔국수|열무,우리밀 열무비빔국수,우리밀 열무비빔국수,열무,2,Y,N,채소,식사,0.85,rule,7,전남 담양군,1
우리밀 열무비빔국수|우리밀,우리밀 열무비빔국수,우리밀 열무비빔국수,우리밀,2,Y,N,채소,식사,0.85,rule,7,전남 담양군,1
우리밀 죽순닭국수|우리밀,우리밀 죽순닭국수,우리밀 죽순닭국수,우리밀,0,Y,N,육류;채소,식사,0.85,rule,7,전남 담양군,1
우리밀 죽순닭국수|죽순,우리밀 죽순닭국수,우리밀 죽순닭국수,죽순,0,Y,N,육류;채소,식사,0.85,rule,5,전남 담양군,1
우리밀 초계국수|우리밀,우리밀 초계국수 등,우리밀 초계국수,우리밀,0,Y,N,채소,식사,0.85,rule,7,전남 담양군,1
유자골 버섯 생불고기|유자,유자골 버섯 생불고기,유자골 버섯 생불고기,유자,0,N,N,육류;채소,식사,0.85,manual,11,전남 고흥군,1
유황오리떡갈비|오리떡갈비,유황오리떡갈비,유황오리떡갈비,오리떡갈비,1,N,N,육류,식사,0.85,manual,5,광주 광산구,1
육낙|낙지,육낙,육낙,낙지,0,N,Y,해산물;육류,식사,0.85,rule,1;9;10;11,전남 영암군,1
육회낙지탕탕이|낙지,육회낙지탕탕이 등,육회낙지탕탕이,낙지,0,N,Y,해산물;육류,식사,0.85,rule,1;9;10;11,전남 함평군,1
자연산우럭매운탕|우럭,자연산우럭매운탕 등,자연산우럭매운탕,우럭,3,Y,N,해산물,식사,0.85,rule,5,전남 완도군,1
장어전복죽|전복,장어전복죽,장어전복죽,전복,0,Y,N,해산물,식사,0.85,rule,6;7;8,광주 광산구,1
전복 콩나물찜|전복,전복 콩나물찜,전복 콩나물찜,전복,1,N,N,해산물,식사,0.85,rule,6;7;8,전남 진도군,1
전복 회무침|전복,전복 회무침 등,전복 회무침,전복,2,N,Y,해산물,식사,0.85,rule,6;7;8,전남 완도군,1
전복갈비찜|전복,전복갈비찜,전복갈비찜,전복,1,N,N,해산물;육류,식사,0.85,rule,6;7;8,전남 완도군,1
전복구이|전복,전복구이,전복구이,전복,0,N,N,해산물,식사,0.85,rule,6;7;8,광주 광산구;전남 여수시;전남 완도군;전남 함평군,8
전복들깨 순두부|전복,전복들깨 순두부,전복들깨 순두부,전복,2,N,N,채소,식사,0.85,rule,6;7;8,전남 여수시,1
전복뚝배기|전복,전복뚝배기,전복뚝배기,전복,0,Y,N,해산물,식사,0.85,rule,6;7;8,전남 해남군,1
전복문어탕|전복,전복문어탕 등,전복문어탕,전복,0,Y,N,해산물,식사,0.85,rule,6;7;8,전남 완도군,1
전복물회|전복,전복물회,전복물회,전복,2,Y,Y,해산물,식사,0.85,rule,6;7;8,전남 광양시;전남 완도군,4
전복비빔밥|전복,전복비빔밥,전복비빔밥,전복,2,N,N,해산물,식사,0.85,rule,6;7;8,전남 완도군,1
전복삼겹살구이|전복,전복삼겹살구이,전복삼겹살구이,전복,0,N,N,해산물;육류,식사,0.85,rule,6;7;8,전남 진도군,1
전복삼계탕|전복,전복삼계탕,전복삼계탕,전복,0,Y,N,해산물;육류,식사,0.85,rule,6;7;8,광주 서구;전남 광양시;전남 담양군;전남 목포시,4
전복솥밥|전복,전복솥밥 등,전복솥밥,전복,0,N,N,해산물,식사,0.85,rule,6;7;8,광주 광산구,1
전복아구찜|전복,전복아구찜,전복아구찜,전복,3,N,N,해산물,식사,0.85,rule,6;7;8,광주 광산구,1
전복야채전|전복,전복야채전,전복야채전,전복,0,N,N,해산물,식사,0.85,rule,6;7;8,전남 완도군,1
전복연포탕|전복,전복연포탕 외,전복연포탕,전복,0,Y,N,해산물,식사,0.85,rule,6;7;8,전남 여수시,1
전복영양솥밥|전복,전복영양솥밥,전복영양솥밥,전복,0,N,N,해산물,식사,0.85,rule,6;7;8,전남 여수시,1
전복장|전복,전복장,전복장,전복,1,Y,N,해산물,식사,0.85,rule,6;7;8,전남 여수시,2
전복장비빔밥|전복,전복장비빔밥 등,전복장비빔밥,전복,2,N,N,해산물,식사,0.85,rule,6;7;8,전남 완도군,1
전복짬뽕|전복,전복짬뽕,전복짬뽕,전복,3,Y,N,해산물,식사,0.85,rule,6;7;8,광주 광산구,1
전복찜|전복,전복찜,전복찜,전복,1,N,N,해산물,식사,0.85,rule,6;7;8,전남 완도군;전남 진도군,3
전복초무침|전복,전복초무침,전복초무침,전복,2,N,N,해산물,식사,0.85,rule,6;7;8,전남 진도군,1
전복추어탕|전복,전복추어탕,전복추어탕,전복,1,Y,N,해산물,식사,0.85,rule,6;7;8,전남 목포시,1
전복칼국수|전복,전복칼국수,전복칼국수,전복,0,Y,N,해산물,식사,0.85,rule,6;7;8,전남 신안군,1
전복코스|전복,전복코스,전복코스,전복,1,N,N,해산물,식사,0.85,rule,6;7;8,전남 완도군,3
전복톳된장 뚝배기|전복,전복톳된장 뚝배기,전복톳된장 뚝배기,전복,1,Y,N,해산물,식사,0.85,rule,6;7;8,전남 완도군,1
전복톳된장 뚝배기|톳,전복톳된장 뚝배기,전복톳된장 뚝배기,톳,1,Y,N,해산물,식사,0.85,rule,3,전남 완도군,1
전복해물솥밥|전복,전복해물솥밥 등,전복해물솥밥,전복,0,N,N,해산물,식사,0.85,rule,6;7;8,전남 목포시,1
전복해신탕|전복,전복해신탕,전복해신탕,전복,0,Y,N,해산물,식사,0.85,rule,6;7;8,전남 진도군,1
전복해초돌솥밥|전복,전복해초돌솥밥,전복해초돌솥밥,전복,0,N,N,해산물,식사,0.85,rule,6;7;8,전남 신안군,1
전복해초비빔밥|전복,전복해초비빔밥 등,전복해초비빔밥,전복,2,N,N,해산물,식사,0.85,rule,6;7;8,전남 진도군,1
전복회|전복,전복회,전복회,전복,0,N,Y,해산물,식사,0.85,rule,6;7;8,광주 광산구;전남 고흥군;전남 목포시;전남 여수시;전남 완도군;전남 진도군,12
전어구이|전어,전어구이 등,전어구이,전어,0,N,N,해산물,식사,0.85,rule,9;10,전남 보성군,1
전어무침|전어,전어무침,전어무침,전어,2,N,N,해산물,식사,0.85,rule,9;10,전남 진도군,1
전어세트|전어,전어세트,전어세트,전어,1,N,N,해산물,식사,0.85,rule,9;10,전남 여수시,1
전어코스|전어,전어코스,전어코스,전어,1,N,N,해산물,식사,0.85,rule,9;10,전남 장흥군,2
전어회|전어,전어회 등,전어회,전어,0,N,Y,해산물,식사,0.85,rule,9;10,전남 여수시,1
조기구이|조기,조기구이,조기구이,조기,0,N,N,해산물,식사,0.85,rule,3;4,전남 목포시,1
조기매운탕|조기,조기매운탕 등,조기매운탕,조기,3,Y,N,해산물,식사,0.85,rule,3;4,전남 강진군;전남 목포시;전남 여수시,3
조기찌개 백반|조기,조기찌개 백반,조기찌개 백반,조기,2,Y,N,해산물,식사,0.85,rule,3;4,전남 목포시,1
조기탕|조기,조기탕,조기탕,조기,0,Y,N,해산물,식사,0.85,rule,3;4,광주 서구,1
죽순게장|죽순,죽순게장 등,죽순게장,죽순,1,Y,N,해산물;채소,식사,0.85,rule,5,전남 담양군,1
죽순들기름국수|죽순,죽순들기름국수 등,죽순들기름국수,죽순,0,Y,N,채소,식사,0.85,rule,5,전남 담양군,1
죽순떡갈비전골|죽순,죽순떡갈비전골,죽순떡갈비전골,죽순,1,Y,N,육류;채소,식사,0.85,rule,5,전남 담양군,1
죽순바삭만두|죽순,죽순바삭만두,죽순바삭만두,죽순,0,Y,N,채소,식사,0.85,rule,5,전남 담양군,1
죽순추어탕|죽순,죽순추어탕,죽순추어탕,죽순,1,Y,N,해산물;채소,식사,0.85,rule,5,전남 담양군,1
죽순회무침|죽순,죽순회무침 등,죽순회무침,죽순,2,Y,N,채소,식사,0.85,rule,5,전남 담양군,2
참꼬막|꼬막,참꼬막 등,참꼬막,꼬막,0,N,N,해산물,식사,0.85,manual,2;11;12,전남 보성군,1
참꼬막정식|꼬막,참꼬막정식,참꼬막정식,꼬막,1,N,N,해산물,식사,0.85,rule,2;11;12,전남 보성군,1
칠게장보리비빔밥|보리,칠게장보리비빔밥,칠게장보리비빔밥,보리,2,N,Y,해산물,식사,0.85,rule,3;6,전남 무안군,1
콩나물국밥|콩나물,콩나물국밥,콩나물국밥,콩나물,1,Y,N,채소,식사,0.85,rule,7,광주 동구;광주 서구,2
키조개 바지락 회무침 정식|바지락,키조개·바지락 회무침 정식,키조개 바지락 회무침 정식,바지락,2,N,Y,해산물,식사,0.85,rule,2;3,전남 장흥군,1
키조개 바지락 회무침 정식|키조개,키조개·바지락 회무침 정식,키조개 바지락 회무침 정식,키조개,2,N,Y,해산물,식사,0.85,rule,4;5,전남 장흥군,1
키조개모둠버섯전골|키조개,키조개모둠버섯전골,키조개모둠버섯전골,키조개,1,Y,N,해산물,식사,0.85,rule,4;5,전남 장흥군,1
토종닭 마늘쌀백숙|쌀,토종닭 마늘쌀백숙,토종닭 마늘쌀백숙,쌀,0,Y,N,육류,식사,0.85,rule,10;11,전남 광양시,1
톳밥 코스|톳,톳밥 코스,톳밥 코스,톳,1,N,N,해산물,식사,0.85,rule,3,전남 해남군,1
통꼬막|꼬막,통꼬막,통꼬막,꼬막,0,N,N,해산물,식사,0.85,manual,2;11;12,전남 순천시,1
특전복솥밥|전복,특전복솥밥,특전복솥밥,전복,0,N,N,해산물,식사,0.85,rule,6;7;8,광주 서구,1
포두부보쌈|두부,포두부보쌈,포두부보쌈,두부,1,N,N,육류;채소,식사,0.85,rule,5,전남 화순군,1
표고버섯 메밀 골동면|메밀,표고버섯 메밀 골동면,표고버섯 메밀 골동면,메밀,1,N,N,채소,식사,0.85,manual,8;11,전남 순천시,1
표고버섯 메밀 골동면|표고버섯,표고버섯 메밀 골동면,표고버섯 메밀 골동면,표고버섯,1,N,N,채소,식사,0.85,manual,9;10,전남 순천시,1
표고버섯 탕수|표고버섯,표고버섯 탕수,표고버섯 탕수,표고버섯,0,Y,N,채소,식사,0.85,rule,9;10,전남 순천시,1
표고소고기볶음|소고기,표고소고기볶음,표고소고기볶음,소고기,2,N,N,육류,식사,0.85,rule,9,광주 북구,1
하모 샤브샤브 / 키조개+소고기구이|키조개,하모 샤브샤브  / 키조개+소고기구이,하모 샤브샤브 / 키조개+소고기구이,키조개,0,Y,N,해산물;육류,식사,0.85,rule,4;5,전남 화순군,1
하얀 해물순두부|두부,하얀 해물순두부,하얀 해물순두부,두부,0,Y,N,해산물;채소,식사,0.85,manual,5,전남 여수시,1
한우불고기 낙지전골|낙지,한우불고기 낙지전골 등,한우불고기 낙지전골,낙지,2,Y,N,해산물;육류,식사,0.85,rule,1;9;10;11,전남 목포시,1
한우삼합|소고기,"한우삼합 (소고기,키조개,표고버섯)",한우삼합,소고기,0,N,N,해산물;육류,식사,0.85,manual,9,전남 장흥군,1
한우삼합|키조개,"한우삼합 (소고기,키조개,표고버섯)",한우삼합,키조개,0,N,N,해산물;육류,식사,0.85,manual,4;5,전남 장흥군,1
한우삼합|표고버섯,"한우삼합 (소고기,키조개,표고버섯)",한우삼합,표고버섯,0,N,N,해산물;육류,식사,0.85,manual,9;10,전남 장흥군,1
한우소고기국밥|소고기,한우소고기국밥 외,한우소고기국밥,소고기,1,Y,N,육류,식사,0.85,rule,9,전남 구례군,1
한우소고기불백|소고기,한우소고기불백 등,한우소고기불백,소고기,1,N,N,육류,식사,0.85,manual,9,전남 곡성군,1
해물대구뽈찜|대구,해물대구뽈찜,해물대구뽈찜,대구,2,N,N,해산물,식사,0.85,rule,1;12,전남 나주시,1
해물순두부|두부,해물순두부,해물순두부,두부,2,Y,N,해산물;채소,식사,0.85,manual,5,전남 완도군,1
해물아귀찜|아귀,해물아귀찜 등,해물아귀찜,아귀,3,N,N,해산물,식사,0.85,rule,1;2,전남 나주시,1
해물전복물회|전복,해물전복물회,해물전복물회,전복,2,Y,Y,해산물,식사,0.85,rule,6;7;8,전남 여수시,1
해삼멍게|멍게,해삼멍게 등,해삼멍게,멍게,0,N,Y,해산물,식사,0.85,manual,3;4,전남 여수시,1
해양치유밥상|전복,"해양치유밥상(전복해조류떡갈비, 바다솥밥 등)",해양치유밥상,전복,0,N,N,해산물,식사,0.85,rule,6;7;8,전남 완도군,1
해초전복비빔밥|전복,해초전복비빔밥,해초전복비빔밥,전복,2,N,N,해산물,식사,0.85,rule,6;7;8,전남 완도군;전남 해남군,2
홍어라면|홍어,홍어라면,홍어라면,홍어,2,Y,N,해산물,식사,0.85,rule,2;11;12,전남 목포시,1
홍어무침|홍어,홍어무침 등,홍어무침,홍어,2,N,Y,해산물,식사,0.85,rule,2;11;12,전남 나주시,1
홍어삼합|홍어,홍어삼합,홍어삼합,홍어,0,N,Y,해산물;육류,식사,0.85,manual,2;11;12,광주 광산구;전남 나주시;전남 담양군;전남 목포시;전남 순천시,7
홍어애탕|홍어,홍어애탕 등,홍어애탕,홍어,1,Y,N,해산물,식사,0.85,rule,2;11;12,전남 목포시,1
홍어일번지 7단계 정식|홍어,홍어일번지 7단계 정식,홍어일번지 7단계 정식,홍어,1,N,Y,해산물,식사,0.85,rule,2;11;12,전남 나주시,1
홍어일품상|홍어,홍어일품상,홍어일품상,홍어,1,N,Y,해산물;육류,식사,0.85,manual,2;11;12,전남 목포시,1
홍어정식|홍어,홍어정식,홍어정식,홍어,1,N,Y,해산물,식사,0.85,rule,2;11;12,전남 목포시,1
홍어찜|홍어,홍어찜 등,홍어찜,홍어,2,N,N,해산물,식사,0.85,rule,2;11;12,전남 담양군;전남 목포시,3
홍어청국장|홍어,홍어청국장,홍어청국장,홍어,1,Y,N,해산물,식사,0.85,rule,2;11;12,전남 목포시,1
홍어초무침|홍어,홍어초무침,홍어초무침,홍어,2,N,Y,해산물,식사,0.85,rule,2;11;12,전남 함평군,1
홍어회|홍어,홍어,홍어회,홍어,0,N,Y,해산물,식사,0.85,manual,2;11;12,전남 강진군;전남 목포시,2
화덕갈치구이 정식|갈치,화덕갈치구이 정식,화덕갈치구이 정식,갈치,0,N,N,해산물,식사,0.85,rule,7;8;9,전남 완도군,1
화덕전복구이 정식|전복,화덕전복구이 정식,화덕전복구이 정식,전복,0,N,N,해산물,식사,0.85,rule,6;7;8,전남 완도군,1
활어회|농어,활어회(참돔 / 농어 / 우럭 등),활어회,농어,0,N,Y,해산물,식사,0.85,rule,5;7,전남 완도군,1
활어회|우럭,활어회(참돔 / 농어 / 우럭 등),활어회,우럭,0,N,Y,해산물,식사,0.85,rule,5,전남 완도군,1
흑산홍어회|홍어,흑산홍어 등,흑산홍어회,홍어,0,N,Y,해산물,식사,0.85,manual,2;11;12,광주 서구;전남 목포시,2
